end,pattern,variant,retry,startX,startZ,yaw,startDepth,validity,maxNorth,clampSnaps,endZ,minCornerDist,note
West,Direct,0,0,-1346.7,1941.7,0,6.25,barrier,-20.57,0,1966.13,53.4,""
West,Direct,1,0,-1353.7,1941.7,0,8.49,barrier,-20.57,0,1966.13,53.8,""
West,Direct,2,0,-1368.7,1941.7,0,9.99,barrier,-20.60,0,1966.10,47.9,""
West,Direct,3,0,-1398.7,1941.7,0,9.99,barrier,-4.95,0,1981.75,2.5,""
West,Direct,4,0,-1438.7,1941.7,0,10.02,backstop,-3.45,0,1983.25,25.5,""
West,HugBank,0,0,-1339.2,1941.7,0,3.77,backstop,-3.42,0,1983.28,1.4,""
West,HugBank,1,0,-1339.7,1941.7,0,3.90,backstop,-3.41,0,1983.29,1.4,""
West,HugBank,2,0,-1340.7,1941.7,0,4.22,backstop,-3.42,0,1983.28,1.5,""
West,HugBank,3,0,-1342.2,1941.7,0,4.71,backstop,-3.42,0,1983.28,2.1,""
West,HugBank,4,0,-1343.7,1941.7,0,5.22,backstop,-3.42,0,1983.28,2.8,""
West,MidChannel,0,0,-1478.4,1941.7,0,10.00,backstop,-3.45,0,1983.25,65.2,""
West,MidChannel,1,0,-1583.1,1941.7,0,10.01,backstop,-3.45,0,1983.25,169.9,""
West,MidChannel,2,0,-1687.9,1941.7,0,9.99,backstop,-3.45,0,1983.25,274.6,""
West,MidChannel,3,0,-1792.6,1941.7,0,10.01,backstop,-3.45,0,1983.25,379.4,""
West,MidChannel,4,0,-1897.3,1941.7,0,9.99,backstop,-3.45,0,1983.25,484.1,""
West,Diagonal,0,0,-1348.7,1941.7,-30,6.94,backstop,-3.42,0,1983.28,1.4,""
West,Diagonal,1,0,-1348.7,1941.7,-60,6.92,backstop,-3.42,0,1983.28,4.1,""
West,Diagonal,2,0,-1378.7,1941.7,-30,10.01,backstop,-3.43,0,1983.27,1.4,""
West,Diagonal,3,0,-1378.7,1941.7,-60,10.01,backstop,-3.42,0,1983.28,19.1,""
West,Diagonal,4,0,-1358.7,1941.7,-45,9.58,backstop,-3.42,0,1983.28,1.4,""
West,SprintThenSwim,0,0,-1328.7,1941.7,-45,1.96,backstop,-3.41,0,1983.29,1.4,""
West,SprintThenSwim,1,0,-1323.7,1941.7,-45,1.37,backstop,-3.42,0,1983.28,1.4,""
West,SprintThenSwim,2,0,-1318.7,1941.7,-45,0.78,backstop,-3.41,0,1983.29,1.4,""
West,SprintThenSwim,3,0,-1308.7,1941.7,-45,-0.39,backstop,-3.42,0,1983.28,1.4,""
West,SprintThenSwim,4,0,-1298.7,1941.7,-45,-2.00,backstop,-3.42,0,1983.28,1.4,""
West,InwardCorner,30,0,-1439.2,1938.7,30,10.01,backstop,-4.00,0,1982.22,1.4,""
West,InwardCorner,45,0,-1458.2,1938.7,45,9.98,backstop,-4.14,0,1982.22,1.4,""
West,InwardCorner,60,0,-1491.2,1938.7,60,10.02,backstop,-3.97,0,1982.23,1.4,""
East,Direct,0,0,552.1,1941.7,0,1.61,barrier,-20.60,0,1966.10,25.7,""
East,Direct,1,0,559.1,1941.7,0,3.54,barrier,-20.60,0,1966.10,25.8,""
East,Direct,2,0,574.1,1941.7,0,10.02,backstop,-3.44,0,1983.27,0.7,""
East,Direct,3,0,604.1,1941.7,0,10.02,backstop,-3.45,0,1983.25,17.0,""
East,Direct,4,0,644.1,1941.7,0,10.02,backstop,-3.45,0,1983.25,57.0,""
East,HugBank,0,0,544.6,1941.7,0,0.02,backstop,-3.43,0,1983.27,0.9,""
East,HugBank,1,0,545.1,1941.7,0,0.07,backstop,-3.43,0,1983.27,1.3,""
East,HugBank,2,0,546.1,1941.7,0,0.26,backstop,-3.43,0,1983.27,2.0,""
East,HugBank,3,0,547.6,1941.7,0,0.59,backstop,-3.43,0,1983.27,3.1,""
East,HugBank,4,0,549.1,1941.7,0,0.93,backstop,-3.43,0,1983.27,4.1,""
East,MidChannel,0,0,827.1,1941.7,0,10.00,backstop,-3.45,0,1983.25,240.0,""
East,MidChannel,1,0,1039.3,1941.7,0,10.00,backstop,-3.45,0,1983.25,452.2,""
East,MidChannel,2,0,1251.6,1941.7,0,10.00,backstop,-3.45,0,1983.25,664.4,""
East,MidChannel,3,0,1463.8,1941.7,0,10.02,backstop,-3.45,0,1983.25,876.7,""
East,MidChannel,4,0,1676.0,1941.7,0,10.00,backstop,-3.45,0,1983.25,1088.9,""
East,Diagonal,0,0,554.1,1941.7,30,2.00,backstop,-3.44,0,1983.26,0.7,""
East,Diagonal,1,0,554.1,1941.7,60,1.98,backstop,-3.42,0,1983.28,19.9,""
East,Diagonal,2,0,584.1,1941.7,30,10.01,backstop,-3.44,0,1983.26,18.4,""
East,Diagonal,3,0,584.1,1941.7,60,9.99,backstop,-3.42,0,1983.28,34.9,""
East,Diagonal,4,0,564.1,1941.7,45,6.59,backstop,-3.44,0,1983.27,13.4,""
East,SprintThenSwim,0,0,534.1,1941.7,45,-5.82,-,-38.96,0,1947.74,55.7,"stopped 36.0 m short of the backstop at (544.5, 5.2, 1947.7) (Dry)"
East,SprintThenSwim,0,1,532.1,1941.7,45,-6.68,backstop,-3.44,0,1983.27,0.8,""
East,SprintThenSwim,1,0,529.1,1941.7,45,-8.17,backstop,-3.44,0,1983.27,0.8,""
East,SprintThenSwim,2,0,524.1,1941.7,45,-11.04,backstop,-3.44,0,1983.27,0.8,""
East,SprintThenSwim,3,0,514.1,1941.7,45,-16.40,backstop,-3.44,0,1983.27,0.8,""
East,SprintThenSwim,4,0,504.1,1941.7,45,-20.52,backstop,-3.44,0,1983.27,0.8,""
East,InwardCorner,30,0,613.1,1938.7,-30,10.00,backstop,-3.44,0,1983.27,0.8,""
East,InwardCorner,45,0,632.1,1938.7,-45,10.01,backstop,-3.53,0,1983.17,0.8,""
East,InwardCorner,60,0,665.1,1938.7,-60,10.01,backstop,-3.43,0,1982.22,0.7,""
