end,pattern,variant,retry,startX,startZ,yaw,startDepth,validity,maxNorth,clampSnaps,endZ,note
West,Direct,0,0,-1346.7,1941.7,0,6.25,barrier,-20.57,0,1966.13,""
West,Direct,1,0,-1353.7,1941.7,0,8.49,barrier,-20.57,0,1966.13,""
West,Direct,2,0,-1368.7,1941.7,0,9.99,barrier,-20.60,0,1966.10,""
West,Direct,3,0,-1398.7,1941.7,0,9.99,barrier,-4.95,0,1981.75,""
West,Direct,4,0,-1438.7,1941.7,0,10.02,backstop,-3.45,0,1983.25,""
West,HugBank,0,0,-1339.2,1941.7,10,3.77,-,-31.96,0,1954.73,"stopped 29.0 m short of the backstop at (-1336.5, 2.6, 1954.7) (Dry)"
West,HugBank,0,1,-1339.7,1941.7,10,3.91,-,-30.75,0,1955.95,"stopped 27.7 m short of the backstop at (-1338.1, 3.3, 1956.0) (Dry)"
West,HugBank,0,2,-1340.2,1941.7,10,4.08,-,-30.91,0,1955.79,"stopped 27.9 m short of the backstop at (-1338.1, 3.0, 1955.8) (Dry)"
West,HugBank,0,3,-1340.7,1941.7,10,4.23,-,-31.02,0,1955.67,"stopped 28.0 m short of the backstop at (-1338.1, 2.8, 1955.7) (Dry)"
West,HugBank,1,0,-1339.7,1941.7,10,3.92,-,-30.76,0,1955.94,"stopped 27.8 m short of the backstop at (-1338.1, 3.3, 1955.9) (Dry)"
West,HugBank,1,1,-1340.2,1941.7,10,4.08,-,-30.89,0,1955.81,"stopped 27.9 m short of the backstop at (-1338.1, 3.0, 1955.8) (Dry)"
West,HugBank,1,2,-1340.7,1941.7,10,4.24,-,-30.98,0,1955.71,"stopped 28.0 m short of the backstop at (-1338.1, 2.9, 1955.7) (Dry)"
West,HugBank,1,3,-1341.2,1941.7,10,4.38,-,-31.00,0,1955.69,"stopped 28.0 m short of the backstop at (-1338.6, 2.7, 1955.7) (Dry)"
West,HugBank,2,0,-1340.7,1941.7,10,4.21,-,-31.01,0,1955.67,"stopped 28.0 m short of the backstop at (-1338.1, 2.8, 1955.7) (Dry)"
West,HugBank,2,1,-1341.2,1941.7,10,4.39,-,-31.00,0,1955.69,"stopped 28.0 m short of the backstop at (-1338.6, 2.7, 1955.7) (Dry)"
West,HugBank,2,2,-1341.7,1941.7,10,4.54,-,-30.96,0,1955.74,"stopped 28.0 m short of the backstop at (-1339.1, 2.6, 1955.7) (Dry)"
West,HugBank,2,3,-1342.2,1941.7,10,4.70,-,-30.96,0,1955.74,"stopped 28.0 m short of the backstop at (-1339.4, 2.6, 1955.7) (Dry)"
West,HugBank,3,0,-1342.2,1941.7,10,4.72,-,-30.96,0,1955.74,"stopped 28.0 m short of the backstop at (-1339.4, 2.6, 1955.7) (Dry)"
West,HugBank,3,1,-1342.7,1941.7,10,4.87,-,-29.72,0,1956.98,"stopped 26.7 m short of the backstop at (-1341.1, 3.1, 1957.0) (Dry)"
West,HugBank,3,2,-1343.2,1941.7,10,5.03,-,-29.83,0,1956.87,"stopped 26.8 m short of the backstop at (-1341.1, 2.9, 1956.9) (Dry)"
West,HugBank,3,3,-1343.7,1941.7,10,5.22,-,-29.96,0,1956.74,"stopped 27.0 m short of the backstop at (-1341.1, 2.7, 1956.7) (Dry)"
West,HugBank,4,0,-1343.7,1941.7,10,5.22,-,-29.96,0,1956.74,"stopped 27.0 m short of the backstop at (-1341.1, 2.7, 1956.7) (Dry)"
West,HugBank,4,1,-1344.2,1941.7,10,5.39,-,-29.97,0,1956.72,"stopped 27.0 m short of the backstop at (-1341.2, 2.7, 1956.7) (Dry)"
West,HugBank,4,2,-1344.7,1941.7,10,5.58,-,-28.76,0,1957.94,"stopped 25.8 m short of the backstop at (-1343.1, 3.3, 1957.9) (Dry)"
West,HugBank,4,3,-1345.2,1941.7,10,5.74,-,-28.80,0,1957.90,"stopped 25.8 m short of the backstop at (-1343.1, 3.3, 1957.9) (Dry)"
West,MidChannel,0,0,-1478.4,1941.7,0,10.02,backstop,-3.45,0,1983.25,""
West,MidChannel,1,0,-1583.1,1941.7,0,9.99,backstop,-3.45,0,1983.25,""
West,MidChannel,2,0,-1687.9,1941.7,0,10.02,backstop,-3.45,0,1983.25,""
West,MidChannel,3,0,-1792.6,1941.7,0,10.00,backstop,-3.45,0,1983.25,""
West,MidChannel,4,0,-1897.3,1941.7,0,10.01,backstop,-3.45,0,1983.25,""
West,Diagonal,0,0,-1332.7,1941.7,-30,2.31,backstop,-3.42,0,1983.28,""
West,Diagonal,1,0,-1280.8,1941.7,-60,-5.61,barrier,-20.56,0,1966.14,""
West,Diagonal,2,0,-1384.7,1941.7,30,10.02,barrier,-20.58,0,1966.12,""
West,Diagonal,3,0,-1436.7,1941.7,60,10.01,-,-15.38,0,1952.73,"stopped 31.0 m short of the backstop at (-1328.4, 3.8, 1952.7) (Dry)"
West,Diagonal,3,1,-1438.7,1941.7,60,10.00,-,-14.97,0,1952.74,"stopped 31.0 m short of the backstop at (-1328.4, 3.8, 1952.7) (Dry)"
West,Diagonal,3,2,-1440.7,1941.7,60,9.99,-,-14.57,0,1948.89,"stopped 34.8 m short of the backstop at (-1317.8, 3.9, 1948.9) (Dry)"
West,Diagonal,3,3,-1442.7,1941.7,60,10.01,-,-14.17,0,1949.98,"stopped 33.7 m short of the backstop at (-1321.6, 4.0, 1950.0) (Dry)"
West,Diagonal,4,0,-1313.7,1941.7,-45,0.18,backstop,-3.42,0,1983.28,""
West,SprintThenSwim,0,0,-1328.7,1941.7,-45,1.95,backstop,-3.43,0,1983.27,""
West,SprintThenSwim,1,0,-1323.7,1941.7,-45,1.37,backstop,-3.43,0,1983.27,""
West,SprintThenSwim,2,0,-1318.7,1941.7,-45,0.78,backstop,-3.42,0,1983.28,""
West,SprintThenSwim,3,0,-1308.7,1941.7,-45,-0.39,backstop,-3.42,0,1983.28,""
West,SprintThenSwim,4,0,-1298.7,1941.7,-45,-2.00,backstop,-3.42,0,1983.28,""
East,Direct,0,0,552.1,1941.7,0,1.61,barrier,-20.60,0,1966.10,""
East,Direct,1,0,559.1,1941.7,0,3.54,barrier,-20.60,0,1966.10,""
East,Direct,2,0,574.1,1941.7,0,10.02,backstop,-3.44,0,1983.27,""
East,Direct,3,0,604.1,1941.7,0,10.02,backstop,-3.45,0,1983.25,""
East,Direct,4,0,644.1,1941.7,0,10.02,backstop,-3.45,0,1983.25,""
East,HugBank,0,0,544.6,1941.7,-10,0.02,-,-37.64,0,1949.06,"stopped 34.6 m short of the backstop at (550.5, 2.6, 1949.1) (Dry)"
East,HugBank,0,1,545.1,1941.7,-10,0.07,-,-37.63,0,1949.07,"stopped 34.6 m short of the backstop at (550.5, 2.6, 1949.1) (Dry)"
East,HugBank,0,2,545.6,1941.7,-10,0.14,-,-37.62,0,1949.08,"stopped 34.6 m short of the backstop at (550.5, 2.6, 1949.1) (Dry)"
East,HugBank,0,3,546.1,1941.7,-10,0.24,-,-37.62,0,1949.08,"stopped 34.6 m short of the backstop at (550.5, 2.6, 1949.1) (Dry)"
East,HugBank,1,0,545.1,1941.7,-10,0.09,-,-37.60,0,1949.10,"stopped 34.6 m short of the backstop at (550.5, 2.6, 1949.1) (Dry)"
East,HugBank,1,1,545.6,1941.7,-10,0.13,-,-37.63,0,1949.07,"stopped 34.6 m short of the backstop at (550.5, 2.6, 1949.1) (Dry)"
East,HugBank,1,2,546.1,1941.7,-10,0.24,-,-37.62,0,1949.08,"stopped 34.6 m short of the backstop at (550.5, 2.6, 1949.1) (Dry)"
East,HugBank,1,3,546.6,1941.7,-10,0.37,-,-37.61,0,1949.09,"stopped 34.6 m short of the backstop at (550.5, 2.6, 1949.1) (Dry)"
East,HugBank,2,0,546.1,1941.7,-10,0.27,-,-37.60,0,1949.10,"stopped 34.6 m short of the backstop at (550.5, 2.6, 1949.1) (Dry)"
East,HugBank,2,1,546.6,1941.7,-10,0.34,-,-37.62,0,1949.08,"stopped 34.6 m short of the backstop at (550.5, 2.6, 1949.1) (Dry)"
East,HugBank,2,2,547.1,1941.7,-10,0.46,-,-37.61,0,1949.09,"stopped 34.6 m short of the backstop at (550.5, 2.6, 1949.1) (Dry)"
East,HugBank,2,3,547.6,1941.7,-10,0.60,-,-37.62,0,1949.08,"stopped 34.6 m short of the backstop at (550.5, 2.6, 1949.1) (Dry)"
East,HugBank,3,0,547.6,1941.7,-10,0.59,-,-37.61,0,1949.09,"stopped 34.6 m short of the backstop at (550.5, 2.6, 1949.1) (Dry)"
East,HugBank,3,1,548.1,1941.7,-10,0.68,-,-37.59,0,1949.11,"stopped 34.6 m short of the backstop at (550.5, 2.7, 1949.1) (Dry)"
East,HugBank,3,2,548.6,1941.7,-10,0.81,-,-37.60,0,1949.10,"stopped 34.6 m short of the backstop at (550.5, 2.6, 1949.1) (Dry)"
East,HugBank,3,3,549.1,1941.7,-10,0.94,-,-37.86,0,1948.84,"stopped 34.9 m short of the backstop at (550.3, 2.3, 1948.8) (Dry)"
East,HugBank,4,0,549.1,1941.7,-10,0.92,-,-37.86,0,1948.84,"stopped 34.9 m short of the backstop at (550.3, 2.3, 1948.8) (Dry)"
East,HugBank,4,1,549.6,1941.7,-10,1.03,-,-37.87,0,1948.83,"stopped 34.9 m short of the backstop at (550.2, 2.2, 1948.8) (Dry)"
East,HugBank,4,2,550.1,1941.7,-10,1.16,-,-37.95,0,1948.75,"stopped 35.0 m short of the backstop at (550.2, 2.2, 1948.8) (Dry)"
East,HugBank,4,3,550.6,1941.7,-10,1.27,-,-37.97,0,1948.73,"stopped 35.0 m short of the backstop at (550.2, 2.1, 1948.7) (Dry)"
East,MidChannel,0,0,827.1,1941.7,0,9.99,backstop,-3.45,0,1983.25,""
East,MidChannel,1,0,1039.3,1941.7,0,10.00,backstop,-3.45,0,1983.25,""
East,MidChannel,2,0,1251.6,1941.7,0,10.00,backstop,-3.45,0,1983.25,""
East,MidChannel,3,0,1463.8,1941.7,0,10.02,backstop,-3.45,0,1983.25,""
East,MidChannel,4,0,1676.0,1941.7,0,9.99,backstop,-3.45,0,1983.25,""
East,Diagonal,0,0,538.1,1941.7,30,-2.47,-,-38.97,0,1947.71,"stopped 36.0 m short of the backstop at (544.5, 5.2, 1947.7) (Dry)"
East,Diagonal,0,1,540.1,1941.7,30,-1.46,-,-44.91,0,1941.79,"stopped 41.9 m short of the backstop at (540.5, 3.1, 1941.8) (Dry)"
East,Diagonal,0,2,542.1,1941.7,30,-2.80,backstop,-3.44,0,1983.27,""
East,Diagonal,1,0,486.2,1941.7,60,-28.30,backstop,-3.42,0,1983.28,""
East,Diagonal,2,0,590.1,1941.7,-30,10.00,barrier,-15.55,0,1971.15,""
East,Diagonal,3,0,642.1,1941.7,-60,9.99,barrier,-9.91,0,1976.49,""
East,Diagonal,4,0,519.1,1941.7,45,-13.54,backstop,-3.44,0,1983.27,""
East,SprintThenSwim,0,0,534.1,1941.7,45,-5.81,-,-38.96,0,1947.74,"stopped 36.0 m short of the backstop at (544.5, 5.2, 1947.7) (Dry)"
East,SprintThenSwim,0,1,532.1,1941.7,45,-6.71,backstop,-3.44,0,1983.27,""
East,SprintThenSwim,1,0,529.1,1941.7,45,-8.19,backstop,-3.44,0,1983.27,""
East,SprintThenSwim,2,0,524.1,1941.7,45,-11.06,backstop,-3.44,0,1983.27,""
East,SprintThenSwim,3,0,514.1,1941.7,45,-16.38,backstop,-3.44,0,1983.27,""
East,SprintThenSwim,4,0,504.1,1941.7,45,-20.52,backstop,-3.44,0,1983.27,""
