seed,station,x,z,kind,ok,seconds,worstStall,why
20261006,1600,452.3,685.7,bluff,True,17.7,0,"not an exit; swam 17.7 m away"
20261006,1828,405.1,1736.1,bluff,True,17.6,0,"not an exit; swam 17.6 m away"
20261006,219,-991.3,1076.8,exit,True,10.08,0.00,""
20261006,248,-1010.4,931.6,exit,True,8.63,0.00,""
20261006,779,-344.6,-1568.8,exit,True,8.55,0.00,""
20261006,148,-973.8,1431.8,exit,True,9.72,0.00,""
20261006,629,-810.9,-965.0,exit,True,8.53,0.00,""
20261006,392,-980.1,207.0,exit,True,9.72,0.00,""
20261006,451,-989.6,-89.6,exit,True,8.62,0.00,""
20261006,209,-981.6,1126.1,exit,True,8.98,0.00,""
20261006,918,300.8,-1808.4,exit,True,9.17,0.00,""
20261006,567,-927.7,-682.7,exit,True,10.52,0.00,""
20261006,1549,580.8,465.1,exit,True,12.17,0.00,""
20261006,31,-1280.8,1920.7,exit,True,11.98,0.00,""
20261006,1600,452.3,685.7,bluff,False,17.8,0,"not an exit; swam 17.8 m away"
20261006,1599,455.2,681.6,bluff-side,False,17.5,0,"not an exit; swam 17.5 m away"
20261006,1623,379.6,778.0,bluff-side,False,17.4,0,"not an exit; swam 17.4 m away"
20261006,1828,405.1,1736.1,bluff,False,17.7,0,"not an exit; swam 17.7 m away"
20261006,1827,402.5,1731.7,bluff-side,False,17.5,0,"not an exit; swam 17.5 m away"
20261006,1850,465.1,1831.7,bluff-side,False,17.5,0,"not an exit; swam 17.5 m away"
20261006,219,-991.3,1076.8,exit,True,10.08,0.00,""
20261006,248,-1010.4,931.6,exit,True,8.63,0.00,""
20261006,779,-344.6,-1568.8,exit,True,8.55,0.00,""
20261006,148,-973.8,1431.8,exit,True,9.72,0.00,""
20261006,629,-810.9,-965.0,exit,True,8.53,0.00,""
20261006,392,-980.1,207.0,exit,True,9.72,0.00,""
20261006,451,-989.6,-89.6,exit,True,8.62,0.00,""
20261006,209,-981.6,1126.1,exit,True,8.98,0.00,""
20261006,918,300.8,-1808.4,exit,True,9.17,0.00,""
20261006,567,-927.7,-682.7,exit,True,10.52,0.00,""
20261006,1549,580.8,465.1,exit,True,12.17,0.00,""
20261006,31,-1280.8,1920.7,exit,True,11.98,0.00,""
20261006,1600,452.3,685.7,bluff,False,17.7,0,"not an exit; swam 17.7 m away"
20261006,1599,455.2,681.6,bluff-side,False,17.5,0,"not an exit; swam 17.5 m away"
20261006,1623,379.6,778.0,bluff-side,False,17.4,0,"not an exit; swam 17.4 m away"
20261006,1828,405.1,1736.1,bluff,False,17.7,0,"not an exit; swam 17.7 m away"
20261006,1827,402.5,1731.7,bluff-side,False,17.5,0,"not an exit; swam 17.5 m away"
20261006,1850,465.1,1831.7,bluff-side,False,17.5,0,"not an exit; swam 17.5 m away"
20261006,1600,452.3,685.7,climb-guard-0,True,-0.999,0,"end y=1.58 mode=Wade grounded=True"
20261006,1600,452.3,685.7,climb-guard-30,True,-1.245,0,"end y=0.44 mode=Swim grounded=False"
20261006,1599,455.2,681.6,climb-guard-0,True,-0.996,0,"end y=1.62 mode=Dry grounded=True"
20261006,1599,455.2,681.6,climb-guard-30,True,-1.219,0,"end y=0.47 mode=Swim grounded=False"
20261006,1623,379.6,778.0,climb-guard-0,True,-0.999,0,"end y=1.60 mode=Wade grounded=True"
20261006,1623,379.6,778.0,climb-guard-30,True,-1.265,0,"end y=0.43 mode=Swim grounded=False"
20261006,1828,405.1,1736.1,climb-guard-0,True,-0.991,0,"end y=1.60 mode=Wade grounded=True"
20261006,1828,405.1,1736.1,climb-guard-30,True,-1.155,0,"end y=0.53 mode=Swim grounded=False"
20261006,1827,402.5,1731.7,climb-guard-0,True,-0.991,0,"end y=1.64 mode=Dry grounded=True"
20261006,1827,402.5,1731.7,climb-guard-30,True,-1.144,0,"end y=0.54 mode=Swim grounded=False"
20261006,1850,465.1,1831.7,climb-guard-0,True,-0.995,0,"end y=1.62 mode=Wade grounded=True"
20261006,1850,465.1,1831.7,climb-guard-30,True,-1.143,0,"end y=0.54 mode=Swim grounded=False"
20261006,219,-991.3,1076.8,exit,True,10.08,0.00,""
20261006,248,-1010.4,931.6,exit,True,8.63,0.00,""
20261006,779,-344.6,-1568.8,exit,True,8.55,0.00,""
20261006,148,-973.8,1431.8,exit,True,9.72,0.00,""
20261006,629,-810.9,-965.0,exit,True,8.53,0.00,""
20261006,392,-980.1,207.0,exit,True,9.72,0.00,""
20261006,451,-989.6,-89.6,exit,True,8.62,0.00,""
20261006,209,-981.6,1126.1,exit,True,8.98,0.00,""
20261006,918,300.8,-1808.4,exit,True,9.17,0.00,""
20261006,567,-927.7,-682.7,exit,True,10.52,0.00,""
20261006,1549,580.8,465.1,exit,True,12.17,0.00,""
20261006,31,-1280.8,1920.7,exit,True,11.98,0.00,""
