bone,series,from,to,rot_deg,pos_mm
Armature,raw,0,1,0.0000,0.0000
Armature,raw,1,2,0.0000,0.0000
Armature,raw,2,3,0.0000,0.0000
Armature,raw,3,4,0.0000,0.0000
Armature,raw,4,5,0.0000,0.0000
Armature,raw,5,6,0.0000,0.0000
Armature,raw,6,7,0.0000,0.0000
Armature,raw,7,8,0.0000,0.0000
Armature,raw,8,9,0.0000,0.0000
Armature,raw,9,10,0.0000,0.0000
Armature,raw,10,11,0.0000,0.0000
Armature,raw,11,12,0.0000,0.0000
Armature,raw,12,13,0.0000,0.0000
Armature,raw,13,14,0.0000,0.0000
Armature,raw,14,15,0.0000,0.0000
Armature,raw,15,16,0.0000,0.0000
Armature,raw,16,17,0.0000,0.0000
Armature,raw,17,18,0.0000,0.0000
Armature,raw,18,19,0.0000,0.0000
Armature,raw,19,20,0.0000,0.0000
Armature,raw,20,21,0.0000,0.0000
Armature,raw,21,22,0.0000,0.0000
Armature,raw,22,23,0.0000,0.0000
Armature,raw,23,24,0.0000,0.0000
Armature,raw,24,25,0.0000,0.0000
Armature,raw,25,26,0.0000,0.0000
Armature,raw,26,27,0.0000,0.0000
Armature,raw,27,28,0.0000,0.0000
Armature,raw,28,29,0.0000,0.0000
Armature,raw,29,30,0.0000,0.0000
Armature,raw,30,31,0.0000,0.0000
Root,raw,0,1,0.4073,0.0000
Root,raw,1,2,0.4224,0.0000
Root,raw,2,3,0.4224,0.0000
Root,raw,3,4,0.4035,0.0000
Root,raw,4,5,0.3690,0.0000
Root,raw,5,6,0.3115,0.0000
Root,raw,6,7,0.2471,0.0000
Root,raw,7,8,0.1769,0.0000
Root,raw,8,9,0.0000,0.0000
Root,raw,9,10,0.0000,0.0000
Root,raw,10,11,0.0000,0.0000
Root,raw,11,12,0.1679,0.0000
Root,raw,12,13,0.2798,0.0000
Root,raw,13,14,0.3815,0.0000
Root,raw,14,15,0.4698,0.0000
Root,raw,15,16,0.5338,0.0000
Root,raw,16,17,0.5692,0.0000
Root,raw,17,18,0.5706,0.0000
Root,raw,18,19,0.5338,0.0000
Root,raw,19,20,0.4681,0.0000
Root,raw,20,21,0.3815,0.0000
Root,raw,21,22,0.2770,0.0000
Root,raw,22,23,0.1679,0.0000
Root,raw,23,24,0.0000,0.0000
Root,raw,24,25,0.0000,0.0000
Root,raw,25,26,0.0000,0.0000
Root,raw,26,27,0.2712,0.0000
Root,raw,27,28,0.3626,0.0000
Root,raw,28,29,0.4015,0.0000
Root,raw,29,30,0.3937,0.0000
Root,raw,30,31,0.3626,0.0000
Face,raw,0,1,0.0000,12.9080
Face,raw,1,2,0.0000,13.3530
Face,raw,2,3,0.0000,13.3489
Face,raw,3,4,0.0000,12.7836
Face,raw,4,5,0.0000,11.6174
Face,raw,5,6,0.0000,9.9134
Face,raw,6,7,0.0000,7.8243
Face,raw,7,8,0.0000,5.5417
Face,raw,8,9,0.0000,3.2398
Face,raw,9,10,0.0000,1.0432
Face,raw,10,11,0.0000,1.7427
Face,raw,11,12,0.0000,5.2673
Face,raw,12,13,0.0000,8.7469
Face,raw,13,14,0.0000,11.9972
Face,raw,14,15,0.0000,14.7820
Face,raw,15,16,0.0000,16.8416
Face,raw,16,17,0.0000,17.9447
Face,raw,17,18,0.0000,17.9526
Face,raw,18,19,0.0000,16.8638
Face,raw,19,20,0.0000,14.8151
Face,raw,20,21,0.0000,12.0367
Face,raw,21,22,0.0000,8.7888
Face,raw,22,23,0.0000,5.3031
Face,raw,23,24,0.0000,1.7663
Face,raw,24,25,0.0000,1.4703
Face,raw,25,26,0.0000,4.9103
Face,raw,26,27,0.0000,8.6125
Face,raw,27,28,0.0000,11.5091
Face,raw,28,29,0.0000,12.7451
Face,raw,29,30,0.0000,12.5095
Face,raw,30,31,0.0000,11.5188
Bone,raw,0,1,0.6772,7.2250
Bone,raw,1,2,0.7434,7.4680
Bone,raw,2,3,0.8031,7.4598
Bone,raw,3,4,0.8541,7.1382
Bone,raw,4,5,0.8917,6.4826
Bone,raw,5,6,0.9100,5.5286
Bone,raw,6,7,0.9057,4.3620
Bone,raw,7,8,0.8749,3.0887
Bone,raw,8,9,0.8185,1.8057
Bone,raw,9,10,0.7381,0.5813
Bone,raw,10,11,0.6392,0.9701
Bone,raw,11,12,0.5264,2.9321
Bone,raw,12,13,0.4054,4.8694
Bone,raw,13,14,0.2853,6.6802
Bone,raw,14,15,0.1631,8.2335
Bone,raw,15,16,0.0000,9.3857
Bone,raw,16,17,0.0000,10.0076
Bone,raw,17,18,0.1897,10.0212
Bone,raw,18,19,0.3263,9.4238
Bone,raw,19,20,0.4648,8.2910
Bone,raw,20,21,0.5987,6.7492
Bone,raw,21,22,0.7220,4.9436
Bone,raw,22,23,0.8271,2.9964
Bone,raw,23,24,0.9057,1.0137
Bone,raw,24,25,0.9545,0.8003
Bone,raw,25,26,0.9716,2.7292
Bone,raw,26,27,0.9586,4.8096
Bone,raw,27,28,0.9228,6.4396
Bone,raw,28,29,0.8677,7.1377
Bone,raw,29,30,0.7992,7.0090
Bone,raw,30,31,0.7242,6.4562
Bone_end,raw,0,1,0.0000,8.0041
Bone_end,raw,1,2,0.0000,8.7964
Bone_end,raw,2,3,0.0000,9.5058
Bone_end,raw,3,4,0.0000,10.0792
Bone_end,raw,4,5,0.0000,10.4655
Bone_end,raw,5,6,0.0000,10.6199
Bone_end,raw,6,7,0.0000,10.5087
Bone_end,raw,7,8,0.0000,10.1169
Bone_end,raw,8,9,0.0000,9.4506
Bone_end,raw,9,10,0.0000,8.5440
Bone_end,raw,10,11,0.0000,7.5050
Bone_end,raw,11,12,0.0000,6.5936
Bone_end,raw,12,13,0.0000,6.0421
Bone_end,raw,13,14,0.0000,5.9958
Bone_end,raw,14,15,0.0000,6.3602
Bone_end,raw,15,16,0.0000,6.8653
Bone_end,raw,16,17,0.0000,7.2578
Bone_end,raw,17,18,0.0000,7.4748
Bone_end,raw,18,19,0.0000,7.5865
Bone_end,raw,19,20,0.0000,7.7486
Bone_end,raw,20,21,0.0000,8.1196
Bone_end,raw,21,22,0.0000,8.7534
Bone_end,raw,22,23,0.0000,9.5733
Bone_end,raw,23,24,0.0000,10.4242
Bone_end,raw,24,25,0.0000,11.1381
Bone_end,raw,25,26,0.0000,11.6733
Bone_end,raw,26,27,0.0000,12.0694
Bone_end,raw,27,28,0.0000,12.1944
Bone_end,raw,28,29,0.0000,11.8687
Bone_end,raw,29,30,0.0000,11.1247
Bone_end,raw,30,31,0.0000,10.1428
Bone.001,raw,0,1,0.8346,7.6631
Bone.001,raw,1,2,0.9160,7.9219
Bone.001,raw,2,3,0.9915,7.9136
Bone.001,raw,3,4,1.0542,7.5734
Bone.001,raw,4,5,1.1007,6.8779
Bone.001,raw,5,6,1.1233,5.8662
Bone.001,raw,6,7,1.1170,4.6284
Bone.001,raw,7,8,1.0792,3.2774
Bone.001,raw,8,9,1.0095,1.9157
Bone.001,raw,9,10,0.9108,0.6170
Bone.001,raw,10,11,0.7883,1.0295
Bone.001,raw,11,12,0.6501,3.1115
Bone.001,raw,12,13,0.5036,5.1676
Bone.001,raw,13,14,0.3539,7.0892
Bone.001,raw,14,15,0.2056,8.7377
Bone.001,raw,15,16,0.0000,9.9600
Bone.001,raw,16,17,0.0000,10.6194
Bone.001,raw,17,18,0.2307,10.6331
Bone.001,raw,18,19,0.4015,9.9985
Bone.001,raw,19,20,0.5733,8.7949
Bone.001,raw,20,21,0.7402,7.1579
Bone.001,raw,21,22,0.8917,5.2411
Bone.001,raw,22,23,1.0203,3.1752
Bone.001,raw,23,24,1.1184,1.0728
Bone.001,raw,24,25,1.1790,0.8511
Bone.001,raw,25,26,1.1994,2.8964
Bone.001,raw,26,27,1.1843,5.1017
Bone.001,raw,27,28,1.1385,6.8299
Bone.001,raw,28,29,1.0704,7.5696
Bone.001,raw,29,30,0.9867,7.4329
Bone.001,raw,30,31,0.8935,6.8471
Bone.001_end,raw,0,1,0.0000,12.0534
Bone.001_end,raw,1,2,0.0000,13.0051
Bone.001_end,raw,2,3,0.0000,13.7734
Bone.001_end,raw,3,4,0.0000,14.2900
Bone.001_end,raw,4,5,0.0000,14.4997
Bone.001_end,raw,5,6,0.0000,14.3711
Bone.001_end,raw,6,7,0.0000,13.8971
Bone.001_end,raw,7,8,0.0000,13.0921
Bone.001_end,raw,8,9,0.0000,11.9883
Bone.001_end,raw,9,10,0.0000,10.6389
Bone.001_end,raw,10,11,0.0000,9.1082
Bone.001_end,raw,11,12,0.0000,7.6783
Bone.001_end,raw,12,13,0.0000,6.6997
Bone.001_end,raw,13,14,0.0000,6.4123
Bone.001_end,raw,14,15,0.0000,6.7558
Bone.001_end,raw,15,16,0.0000,7.3914
Bone.001_end,raw,16,17,0.0000,8.0043
Bone.001_end,raw,17,18,0.0000,8.5399
Bone.001_end,raw,18,19,0.0000,9.0616
Bone.001_end,raw,19,20,0.0000,9.6907
Bone.001_end,raw,20,21,0.0000,10.5030
Bone.001_end,raw,21,22,0.0000,11.4564
Bone.001_end,raw,22,23,0.0000,12.3958
Bone.001_end,raw,23,24,0.0000,13.1500
Bone.001_end,raw,24,25,0.0000,13.6090
Bone.001_end,raw,25,26,0.0000,13.6716
Bone.001_end,raw,26,27,0.0000,13.3792
Bone.001_end,raw,27,28,0.0000,12.8117
Bone.001_end,raw,28,29,0.0000,11.9885
Bone.001_end,raw,29,30,0.0000,10.9653
Bone.001_end,raw,30,31,0.0000,9.8430
Spine1,raw,0,1,0.0000,10.8630
Spine1,raw,1,2,0.0000,11.2363
Spine1,raw,2,3,0.0000,11.2316
Spine1,raw,3,4,0.0000,10.7548
Spine1,raw,4,5,0.0000,9.7728
Spine1,raw,5,6,0.0000,8.3388
Spine1,raw,6,7,0.0000,6.5812
Spine1,raw,7,8,0.0000,4.6611
Spine1,raw,8,9,0.0000,2.7249
Spine1,raw,9,10,0.0000,0.8774
Spine1,raw,10,11,0.0000,1.4656
Spine1,raw,11,12,0.0000,4.4295
Spine1,raw,12,13,0.0000,7.3558
Spine1,raw,13,14,0.0000,10.0895
Spine1,raw,14,15,0.0000,12.4321
Spine1,raw,15,16,0.0000,14.1652
Spine1,raw,16,17,0.0000,15.0945
Spine1,raw,17,18,0.0000,15.1029
Spine1,raw,18,19,0.0000,14.1891
Spine1,raw,19,20,0.0000,12.4677
Spine1,raw,20,21,0.0000,10.1321
Spine1,raw,21,22,0.0000,7.4012
Spine1,raw,22,23,0.0000,4.4685
Spine1,raw,23,24,0.0000,1.4914
Spine1,raw,24,25,0.0000,1.2328
Spine1,raw,25,26,0.0000,4.1285
Spine1,raw,26,27,0.0000,7.2457
Spine1,raw,27,28,0.0000,9.6851
Spine1,raw,28,29,0.0000,10.7266
Spine1,raw,29,30,0.0000,10.5289
Spine1,raw,30,31,0.0000,9.6956
Spine2,raw,0,1,0.0000,0.2891
Spine2,raw,1,2,0.0000,0.3053
Spine2,raw,2,3,0.0000,0.3116
Spine2,raw,3,4,0.0000,0.3043
Spine2,raw,4,5,0.0000,0.2814
Spine2,raw,5,6,0.0000,0.2435
Spine2,raw,6,7,0.0000,0.1940
Spine2,raw,7,8,0.0000,0.1381
Spine2,raw,8,9,0.0000,0.0809
Spine2,raw,9,10,0.0000,0.0260
Spine2,raw,10,11,0.0000,0.0448
Spine2,raw,11,12,0.0000,0.1353
Spine2,raw,12,13,0.0000,0.2242
Spine2,raw,13,14,0.0000,0.3060
Spine2,raw,14,15,0.0000,0.3738
Spine2,raw,15,16,0.0000,0.4205
Spine2,raw,16,17,0.0000,0.4403
Spine2,raw,17,18,0.0000,0.4306
Spine2,raw,18,19,0.0000,0.3931
Spine2,raw,19,20,0.0000,0.3328
Spine2,raw,20,21,0.0000,0.2565
Spine2,raw,21,22,0.0000,0.1710
Spine2,raw,22,23,0.0000,0.0890
Spine2,raw,23,24,0.0000,0.0132
Spine2,raw,24,25,0.0000,0.0576
Spine2,raw,25,26,0.0000,0.1307
Spine2,raw,26,27,0.0000,0.2051
Spine2,raw,27,28,0.0000,0.2606
Spine2,raw,28,29,0.0000,0.2816
Spine2,raw,29,30,0.0000,0.2728
Spine2,raw,30,31,0.0000,0.2486
Spine3,raw,0,1,1.5944,12.1277
Spine3,raw,1,2,1.8625,12.5578
Spine3,raw,2,3,2.0229,12.5660
Spine3,raw,3,4,1.9983,12.0452
Spine3,raw,4,5,1.7476,10.9557
Spine3,raw,5,6,1.3098,9.3552
Spine3,raw,6,7,0.7793,7.3872
Spine3,raw,7,8,0.2471,5.2334
Spine3,raw,8,9,0.2439,3.0599
Spine3,raw,9,10,0.7662,0.9852
Spine3,raw,10,11,1.2887,1.6484
Spine3,raw,11,12,1.7260,4.9819
Spine3,raw,12,13,1.9850,8.2722
Spine3,raw,13,14,2.0263,11.3432
Spine3,raw,14,15,1.8867,13.9703
Spine3,raw,15,16,1.6409,15.9064
Spine3,raw,16,17,1.6735,16.9334
Spine3,raw,17,18,1.9826,16.9219
Spine3,raw,18,19,2.1775,15.8739
Spine3,raw,19,20,2.1692,13.9214
Spine3,raw,20,21,1.9102,11.2840
Spine3,raw,21,22,1.4396,8.2080
Spine3,raw,22,23,0.8614,4.9257
Spine3,raw,23,24,0.2741,1.6090
Spine3,raw,24,25,0.3039,1.4286
Spine3,raw,25,26,0.9537,4.6530
Spine3,raw,26,27,1.5747,8.1153
Spine3,raw,27,28,2.0186,10.8186
Spine3,raw,28,29,2.1667,11.9673
Spine3,raw,29,30,2.0298,11.7392
Spine3,raw,30,31,1.7201,10.8044
Tail,raw,0,1,3.2740,23.4059
Tail,raw,1,2,3.8375,30.5908
Tail,raw,2,3,4.1778,35.4323
Tail,raw,3,4,4.1277,35.7901
Tail,raw,4,5,3.6042,30.5207
Tail,raw,5,6,2.6948,20.6597
Tail,raw,6,7,1.6023,8.7950
Tail,raw,7,8,0.5128,3.0832
Tail,raw,8,9,0.5067,13.4687
Tail,raw,9,10,1.5816,24.9410
Tail,raw,10,11,2.6606,35.3670
Tail,raw,11,12,3.5625,41.8193
Tail,raw,12,13,4.0934,42.9755
Tail,raw,13,14,4.1724,38.0161
Tail,raw,14,15,3.8801,28.5245
Tail,raw,15,16,3.3750,17.2526
Tail,raw,16,17,3.4482,16.1538
Tail,raw,17,18,4.1007,25.4853
Tail,raw,18,19,4.5225,33.4921
Tail,raw,19,20,4.5218,37.2394
Tail,raw,20,21,3.9909,34.8110
Tail,raw,21,22,3.0112,26.8680
Tail,raw,22,23,1.8036,16.0712
Tail,raw,23,24,0.5801,5.1162
Tail,raw,24,25,0.6318,6.3790
Tail,raw,25,26,1.9747,19.4021
Tail,raw,26,27,3.2706,31.1182
Tail,raw,27,28,4.2056,38.9853
Tail,raw,28,29,4.5205,41.0487
Tail,raw,29,30,4.2316,37.3397
Tail,raw,30,31,3.5761,29.8811
Tail_end,raw,0,1,0.0000,118.3224
Tail_end,raw,1,2,0.0000,142.8215
Tail_end,raw,2,3,0.0000,158.1330
Tail_end,raw,3,4,0.0000,156.9921
Tail_end,raw,4,5,0.0000,135.8398
Tail_end,raw,5,6,0.0000,98.5696
Tail_end,raw,6,7,0.0000,54.0376
Tail_end,raw,7,8,0.0000,10.4826
Tail_end,raw,8,9,0.0000,30.8710
Tail_end,raw,9,10,0.0000,74.2911
Tail_end,raw,10,11,0.0000,116.7593
Tail_end,raw,11,12,0.0000,149.5987
Tail_end,raw,12,13,0.0000,165.6948
Tail_end,raw,13,14,0.0000,161.5353
Tail_end,raw,14,15,0.0000,141.2111
Tail_end,raw,15,16,0.0000,112.6445
Tail_end,raw,16,17,0.0000,113.0453
Tail_end,raw,17,18,0.0000,142.7881
Tail_end,raw,18,19,0.0000,164.4616
Tail_end,raw,19,20,0.0000,169.0380
Tail_end,raw,20,21,0.0000,151.3010
Tail_end,raw,21,22,0.0000,114.5909
Tail_end,raw,22,23,0.0000,68.4368
Tail_end,raw,23,24,0.0000,21.9283
Tail_end,raw,24,25,0.0000,24.9890
Tail_end,raw,25,26,0.0000,77.4009
Tail_end,raw,26,27,0.0000,127.1569
Tail_end,raw,27,28,0.0000,162.6076
Tail_end,raw,28,29,0.0000,174.1167
Tail_end,raw,29,30,0.0000,161.9015
Tail_end,raw,30,31,0.0000,134.7776
Fish,raw,0,1,0.0000,0.0000
Fish,raw,1,2,0.0000,0.0000
Fish,raw,2,3,0.0000,0.0000
Fish,raw,3,4,0.0000,0.0000
Fish,raw,4,5,0.0000,0.0000
Fish,raw,5,6,0.0000,0.0000
Fish,raw,6,7,0.0000,0.0000
Fish,raw,7,8,0.0000,0.0000
Fish,raw,8,9,0.0000,0.0000
Fish,raw,9,10,0.0000,0.0000
Fish,raw,10,11,0.0000,0.0000
Fish,raw,11,12,0.0000,0.0000
Fish,raw,12,13,0.0000,0.0000
Fish,raw,13,14,0.0000,0.0000
Fish,raw,14,15,0.0000,0.0000
Fish,raw,15,16,0.0000,0.0000
Fish,raw,16,17,0.0000,0.0000
Fish,raw,17,18,0.0000,0.0000
Fish,raw,18,19,0.0000,0.0000
Fish,raw,19,20,0.0000,0.0000
Fish,raw,20,21,0.0000,0.0000
Fish,raw,21,22,0.0000,0.0000
Fish,raw,22,23,0.0000,0.0000
Fish,raw,23,24,0.0000,0.0000
Fish,raw,24,25,0.0000,0.0000
Fish,raw,25,26,0.0000,0.0000
Fish,raw,26,27,0.0000,0.0000
Fish,raw,27,28,0.0000,0.0000
Fish,raw,28,29,0.0000,0.0000
Fish,raw,29,30,0.0000,0.0000
Fish,raw,30,31,0.0000,0.0000
Armature,baked_v2,0,1,0.0000,0.0000
Armature,baked_v2,1,2,0.0000,0.0000
Armature,baked_v2,2,3,0.0000,0.0000
Armature,baked_v2,3,4,0.0000,0.0000
Armature,baked_v2,4,5,0.0000,0.0000
Armature,baked_v2,5,6,0.0000,0.0000
Armature,baked_v2,6,7,0.0000,0.0000
Armature,baked_v2,7,8,0.0000,0.0000
Armature,baked_v2,8,9,0.0000,0.0000
Armature,baked_v2,9,10,0.0000,0.0000
Armature,baked_v2,10,11,0.0000,0.0000
Armature,baked_v2,11,12,0.0000,0.0000
Armature,baked_v2,12,13,0.0000,0.0000
Armature,baked_v2,13,14,0.0000,0.0000
Armature,baked_v2,14,15,0.0000,0.0000
Armature,baked_v2,15,16,0.0000,0.0000
Armature,baked_v2,16,17,0.0000,0.0000
Armature,baked_v2,17,18,0.0000,0.0000
Armature,baked_v2,18,19,0.0000,0.0000
Armature,baked_v2,19,20,0.0000,0.0000
Armature,baked_v2,20,21,0.0000,0.0000
Armature,baked_v2,21,22,0.0000,0.0000
Armature,baked_v2,22,23,0.0000,0.0000
Armature,baked_v2,23,24,0.0000,0.0000
Armature,baked_v2,24,25,0.0000,0.0000
Armature,baked_v2,25,26,0.0000,0.0000
Armature,baked_v2,26,27,0.0000,0.0000
Armature,baked_v2,27,28,0.0000,0.0000
Armature,baked_v2,28,29,0.0000,0.0000
Armature,baked_v2,29,30,0.0000,0.0000
Armature,baked_v2,30,0,0.0000,0.0000
Root,baked_v2,0,1,0.4150,0.0000
Root,baked_v2,1,2,0.4131,0.0000
Root,baked_v2,2,3,0.4073,0.0001
Root,baked_v2,3,4,0.4035,0.0000
Root,baked_v2,4,5,0.3690,0.0000
Root,baked_v2,5,6,0.3115,0.0000
Root,baked_v2,6,7,0.2471,0.0000
Root,baked_v2,7,8,0.1769,0.0000
Root,baked_v2,8,9,0.0000,0.0000
Root,baked_v2,9,10,0.0000,0.0000
Root,baked_v2,10,11,0.0000,0.0000
Root,baked_v2,11,12,0.1679,0.0000
Root,baked_v2,12,13,0.2798,0.0000
Root,baked_v2,13,14,0.3815,0.0000
Root,baked_v2,14,15,0.4698,0.0000
Root,baked_v2,15,16,0.5338,0.0000
Root,baked_v2,16,17,0.5692,0.0000
Root,baked_v2,17,18,0.5706,0.0000
Root,baked_v2,18,19,0.5338,0.0000
Root,baked_v2,19,20,0.4681,0.0000
Root,baked_v2,20,21,0.3815,0.0000
Root,baked_v2,21,22,0.2770,0.0000
Root,baked_v2,22,23,0.1679,0.0000
Root,baked_v2,23,24,0.0000,0.0000
Root,baked_v2,24,25,0.0000,0.0000
Root,baked_v2,25,26,0.0000,0.0000
Root,baked_v2,26,27,0.2712,0.0000
Root,baked_v2,27,28,0.3626,0.0000
Root,baked_v2,28,29,0.3733,0.0001
Root,baked_v2,29,30,0.3937,0.0000
Root,baked_v2,30,0,0.4093,0.0000
Face,baked_v2,0,1,0.0000,13.0964
Face,baked_v2,1,2,0.0000,13.1140
Face,baked_v2,2,3,0.0000,12.9369
Face,baked_v2,3,4,0.0000,12.7836
Face,baked_v2,4,5,0.0000,11.6174
Face,baked_v2,5,6,0.0000,9.9134
Face,baked_v2,6,7,0.0000,7.8243
Face,baked_v2,7,8,0.0000,5.5417
Face,baked_v2,8,9,0.0000,3.2398
Face,baked_v2,9,10,0.0000,1.0432
Face,baked_v2,10,11,0.0000,1.7427
Face,baked_v2,11,12,0.0000,5.2673
Face,baked_v2,12,13,0.0000,8.7469
Face,baked_v2,13,14,0.0000,11.9972
Face,baked_v2,14,15,0.0000,14.7820
Face,baked_v2,15,16,0.0000,16.8416
Face,baked_v2,16,17,0.0000,17.9447
Face,baked_v2,17,18,0.0000,17.9525
Face,baked_v2,18,19,0.0000,16.8638
Face,baked_v2,19,20,0.0000,14.8151
Face,baked_v2,20,21,0.0000,12.0367
Face,baked_v2,21,22,0.0000,8.7888
Face,baked_v2,22,23,0.0000,5.3031
Face,baked_v2,23,24,0.0000,1.7663
Face,baked_v2,24,25,0.0000,1.4703
Face,baked_v2,25,26,0.0000,4.9103
Face,baked_v2,26,27,0.0000,8.6125
Face,baked_v2,27,28,0.0000,11.5091
Face,baked_v2,28,29,0.0000,11.8750
Face,baked_v2,29,30,0.0000,12.4769
Face,baked_v2,30,0,0.0000,12.8840
Bone,baked_v2,0,1,0.0000,7.3339
Bone,baked_v2,1,2,0.4168,7.3380
Bone,baked_v2,2,3,0.7089,7.2298
Bone,baked_v2,3,4,0.8541,7.1382
Bone,baked_v2,4,5,0.8917,6.4826
Bone,baked_v2,5,6,0.9100,5.5287
Bone,baked_v2,6,7,0.9057,4.3619
Bone,baked_v2,7,8,0.8749,3.0887
Bone,baked_v2,8,9,0.8185,1.8057
Bone,baked_v2,9,10,0.7381,0.5813
Bone,baked_v2,10,11,0.6392,0.9701
Bone,baked_v2,11,12,0.5264,2.9321
Bone,baked_v2,12,13,0.4054,4.8695
Bone,baked_v2,13,14,0.2853,6.6802
Bone,baked_v2,14,15,0.1631,8.2335
Bone,baked_v2,15,16,0.0000,9.3857
Bone,baked_v2,16,17,0.0000,10.0076
Bone,baked_v2,17,18,0.1897,10.0212
Bone,baked_v2,18,19,0.3263,9.4238
Bone,baked_v2,19,20,0.4665,8.2910
Bone,baked_v2,20,21,0.6000,6.7492
Bone,baked_v2,21,22,0.7220,4.9436
Bone,baked_v2,22,23,0.8271,2.9964
Bone,baked_v2,23,24,0.9065,1.0137
Bone,baked_v2,24,25,0.9545,0.8003
Bone,baked_v2,25,26,0.9716,2.7292
Bone,baked_v2,26,27,0.9586,4.8096
Bone,baked_v2,27,28,0.9228,6.4396
Bone,baked_v2,28,29,0.7713,6.6477
Bone,baked_v2,29,30,0.4698,6.9887
Bone,baked_v2,30,0,0.1725,7.2177
Bone_end,baked_v2,0,1,0.0000,4.4255
Bone_end,baked_v2,1,2,0.0000,5.8508
Bone_end,baked_v2,2,3,0.0000,8.5172
Bone_end,baked_v2,3,4,0.0000,10.0792
Bone_end,baked_v2,4,5,0.0000,10.4655
Bone_end,baked_v2,5,6,0.0000,10.6199
Bone_end,baked_v2,6,7,0.0000,10.5087
Bone_end,baked_v2,7,8,0.0000,10.1169
Bone_end,baked_v2,8,9,0.0000,9.4506
Bone_end,baked_v2,9,10,0.0000,8.5440
Bone_end,baked_v2,10,11,0.0000,7.5050
Bone_end,baked_v2,11,12,0.0000,6.5936
Bone_end,baked_v2,12,13,0.0000,6.0421
Bone_end,baked_v2,13,14,0.0000,5.9957
Bone_end,baked_v2,14,15,0.0000,6.3602
Bone_end,baked_v2,15,16,0.0000,6.8653
Bone_end,baked_v2,16,17,0.0000,7.2578
Bone_end,baked_v2,17,18,0.0000,7.4748
Bone_end,baked_v2,18,19,0.0000,7.5866
Bone_end,baked_v2,19,20,0.0000,7.7486
Bone_end,baked_v2,20,21,0.0000,8.1196
Bone_end,baked_v2,21,22,0.0000,8.7534
Bone_end,baked_v2,22,23,0.0000,9.5734
Bone_end,baked_v2,23,24,0.0000,10.4240
Bone_end,baked_v2,24,25,0.0000,11.1381
Bone_end,baked_v2,25,26,0.0000,11.6733
Bone_end,baked_v2,26,27,0.0000,12.0695
Bone_end,baked_v2,27,28,0.0000,12.1945
Bone_end,baked_v2,28,29,0.0000,10.6626
Bone_end,baked_v2,29,30,0.0000,7.7253
Bone_end,baked_v2,30,0,0.0000,5.3098
Bone.001,baked_v2,0,1,0.0000,7.7784
Bone.001,baked_v2,1,2,0.5128,7.7833
Bone.001,baked_v2,2,3,0.8740,7.6697
Bone.001,baked_v2,3,4,1.0542,7.5734
Bone.001,baked_v2,4,5,1.1007,6.8780
Bone.001,baked_v2,5,6,1.1233,5.8661
Bone.001,baked_v2,6,7,1.1170,4.6284
Bone.001,baked_v2,7,8,1.0792,3.2774
Bone.001,baked_v2,8,9,1.0095,1.9157
Bone.001,baked_v2,9,10,0.9108,0.6170
Bone.001,baked_v2,10,11,0.7883,1.0295
Bone.001,baked_v2,11,12,0.6513,3.1115
Bone.001,baked_v2,12,13,0.5036,5.1676
Bone.001,baked_v2,13,14,0.3539,7.0892
Bone.001,baked_v2,14,15,0.2056,8.7377
Bone.001,baked_v2,15,16,0.0000,9.9600
Bone.001,baked_v2,16,17,0.0000,10.6194
Bone.001,baked_v2,17,18,0.2307,10.6331
Bone.001,baked_v2,18,19,0.4015,9.9985
Bone.001,baked_v2,19,20,0.5733,8.7949
Bone.001,baked_v2,20,21,0.7402,7.1579
Bone.001,baked_v2,21,22,0.8917,5.2411
Bone.001,baked_v2,22,23,1.0210,3.1752
Bone.001,baked_v2,23,24,1.1184,1.0728
Bone.001,baked_v2,24,25,1.1790,0.8511
Bone.001,baked_v2,25,26,1.1994,2.8965
Bone.001,baked_v2,26,27,1.1843,5.1017
Bone.001,baked_v2,27,28,1.1385,6.8299
Bone.001,baked_v2,28,29,0.9520,7.0502
Bone.001,baked_v2,29,30,0.5801,7.4118
Bone.001,baked_v2,30,0,0.2094,7.6545
Bone.001_end,baked_v2,0,1,0.0000,5.6211
Bone.001_end,baked_v2,1,2,0.0000,8.7472
Bone.001_end,baked_v2,2,3,0.0000,12.4181
Bone.001_end,baked_v2,3,4,0.0000,14.2900
Bone.001_end,baked_v2,4,5,0.0000,14.4997
Bone.001_end,baked_v2,5,6,0.0000,14.3711
Bone.001_end,baked_v2,6,7,0.0000,13.8971
Bone.001_end,baked_v2,7,8,0.0000,13.0921
Bone.001_end,baked_v2,8,9,0.0000,11.9882
Bone.001_end,baked_v2,9,10,0.0000,10.6389
Bone.001_end,baked_v2,10,11,0.0000,9.1082
Bone.001_end,baked_v2,11,12,0.0000,7.6783
Bone.001_end,baked_v2,12,13,0.0000,6.6997
Bone.001_end,baked_v2,13,14,0.0000,6.4123
Bone.001_end,baked_v2,14,15,0.0000,6.7558
Bone.001_end,baked_v2,15,16,0.0000,7.3914
Bone.001_end,baked_v2,16,17,0.0000,8.0043
Bone.001_end,baked_v2,17,18,0.0000,8.5399
Bone.001_end,baked_v2,18,19,0.0000,9.0616
Bone.001_end,baked_v2,19,20,0.0000,9.6907
Bone.001_end,baked_v2,20,21,0.0000,10.5030
Bone.001_end,baked_v2,21,22,0.0000,11.4563
Bone.001_end,baked_v2,22,23,0.0000,12.3958
Bone.001_end,baked_v2,23,24,0.0000,13.1499
Bone.001_end,baked_v2,24,25,0.0000,13.6090
Bone.001_end,baked_v2,25,26,0.0000,13.6716
Bone.001_end,baked_v2,26,27,0.0000,13.3792
Bone.001_end,baked_v2,27,28,0.0000,12.8117
Bone.001_end,baked_v2,28,29,0.0000,10.7017
Bone.001_end,baked_v2,29,30,0.0000,6.9635
Bone.001_end,baked_v2,30,0,0.0000,4.6415
Spine1,baked_v2,0,1,0.0000,11.0222
Spine1,baked_v2,1,2,0.0000,11.0359
Spine1,baked_v2,2,3,0.0000,10.8851
Spine1,baked_v2,3,4,0.0000,10.7548
Spine1,baked_v2,4,5,0.0000,9.7728
Spine1,baked_v2,5,6,0.0000,8.3388
Spine1,baked_v2,6,7,0.0000,6.5812
Spine1,baked_v2,7,8,0.0000,4.6611
Spine1,baked_v2,8,9,0.0000,2.7249
Spine1,baked_v2,9,10,0.0000,0.8774
Spine1,baked_v2,10,11,0.0000,1.4656
Spine1,baked_v2,11,12,0.0000,4.4295
Spine1,baked_v2,12,13,0.0000,7.3558
Spine1,baked_v2,13,14,0.0000,10.0895
Spine1,baked_v2,14,15,0.0000,12.4321
Spine1,baked_v2,15,16,0.0000,14.1652
Spine1,baked_v2,16,17,0.0000,15.0945
Spine1,baked_v2,17,18,0.0000,15.1029
Spine1,baked_v2,18,19,0.0000,14.1891
Spine1,baked_v2,19,20,0.0000,12.4677
Spine1,baked_v2,20,21,0.0000,10.1321
Spine1,baked_v2,21,22,0.0000,7.4012
Spine1,baked_v2,22,23,0.0000,4.4685
Spine1,baked_v2,23,24,0.0000,1.4914
Spine1,baked_v2,24,25,0.0000,1.2328
Spine1,baked_v2,25,26,0.0000,4.1285
Spine1,baked_v2,26,27,0.0000,7.2457
Spine1,baked_v2,27,28,0.0000,9.6851
Spine1,baked_v2,28,29,0.0000,9.9937
Spine1,baked_v2,29,30,0.0000,10.5011
Spine1,baked_v2,30,0,0.0000,10.8440
Spine2,baked_v2,0,1,0.0000,0.2896
Spine2,baked_v2,1,2,0.0000,0.2960
Spine2,baked_v2,2,3,0.0000,0.3017
Spine2,baked_v2,3,4,0.0000,0.3043
Spine2,baked_v2,4,5,0.0000,0.2814
Spine2,baked_v2,5,6,0.0000,0.2435
Spine2,baked_v2,6,7,0.0000,0.1940
Spine2,baked_v2,7,8,0.0000,0.1381
Spine2,baked_v2,8,9,0.0000,0.0809
Spine2,baked_v2,9,10,0.0000,0.0260
Spine2,baked_v2,10,11,0.0000,0.0448
Spine2,baked_v2,11,12,0.0000,0.1353
Spine2,baked_v2,12,13,0.0000,0.2242
Spine2,baked_v2,13,14,0.0000,0.3060
Spine2,baked_v2,14,15,0.0000,0.3738
Spine2,baked_v2,15,16,0.0000,0.4205
Spine2,baked_v2,16,17,0.0000,0.4403
Spine2,baked_v2,17,18,0.0000,0.4306
Spine2,baked_v2,18,19,0.0000,0.3931
Spine2,baked_v2,19,20,0.0000,0.3328
Spine2,baked_v2,20,21,0.0000,0.2565
Spine2,baked_v2,21,22,0.0000,0.1710
Spine2,baked_v2,22,23,0.0000,0.0890
Spine2,baked_v2,23,24,0.0000,0.0132
Spine2,baked_v2,24,25,0.0000,0.0576
Spine2,baked_v2,25,26,0.0000,0.1307
Spine2,baked_v2,26,27,0.0000,0.2051
Spine2,baked_v2,27,28,0.0000,0.2606
Spine2,baked_v2,28,29,0.0000,0.2653
Spine2,baked_v2,29,30,0.0000,0.2742
Spine2,baked_v2,30,0,0.0000,0.2823
Spine3,baked_v2,0,1,1.9045,12.2975
Spine3,baked_v2,1,2,1.9379,12.3257
Spine3,baked_v2,2,3,2.0069,12.1778
Spine3,baked_v2,3,4,2.0536,12.0452
Spine3,baked_v2,4,5,1.8031,10.9557
Spine3,baked_v2,5,6,1.3654,9.3552
Spine3,baked_v2,6,7,0.8346,7.3872
Spine3,baked_v2,7,8,0.2987,5.2334
Spine3,baked_v2,8,9,0.1813,3.0599
Spine3,baked_v2,9,10,0.7100,0.9852
Spine3,baked_v2,10,11,1.2329,1.6484
Spine3,baked_v2,11,12,1.6707,4.9819
Spine3,baked_v2,12,13,1.9298,8.2722
Spine3,baked_v2,13,14,1.9711,11.3432
Spine3,baked_v2,14,15,1.8311,13.9703
Spine3,baked_v2,15,16,1.5851,15.9064
Spine3,baked_v2,16,17,1.6168,16.9334
Spine3,baked_v2,17,18,1.9265,16.9219
Spine3,baked_v2,18,19,2.1215,15.8739
Spine3,baked_v2,19,20,2.1133,13.9214
Spine3,baked_v2,20,21,1.8545,11.2840
Spine3,baked_v2,21,22,1.3836,8.2080
Spine3,baked_v2,22,23,0.8060,4.9256
Spine3,baked_v2,23,24,0.2131,1.6090
Spine3,baked_v2,24,25,0.3583,1.4286
Spine3,baked_v2,25,26,1.0087,4.6530
Spine3,baked_v2,26,27,1.6299,8.1153
Spine3,baked_v2,27,28,2.0744,10.8186
Spine3,baked_v2,28,29,2.0236,11.1558
Spine3,baked_v2,29,30,1.9480,11.7126
Spine3,baked_v2,30,0,1.9086,12.0931
Tail,baked_v2,0,1,3.9426,32.3858
Tail,baked_v2,1,2,4.0066,33.3294
Tail,baked_v2,2,3,4.1468,35.7384
Tail,baked_v2,3,4,4.2425,37.4622
Tail,baked_v2,4,5,3.7192,32.1951
Tail,baked_v2,5,6,2.8094,22.3346
Tail,baked_v2,6,7,1.7169,10.4597
Tail,baked_v2,7,8,0.6281,1.6245
Tail,baked_v2,8,9,0.3897,11.7996
Tail,baked_v2,9,10,1.4660,23.2718
Tail,baked_v2,10,11,2.5451,33.7026
Tail,baked_v2,11,12,3.4473,40.1616
Tail,baked_v2,12,13,3.9784,41.3226
Tail,baked_v2,13,14,4.0573,36.3651
Tail,baked_v2,14,15,3.7653,26.8719
Tail,baked_v2,15,16,3.2601,15.5937
Tail,baked_v2,16,17,3.3330,14.4804
Tail,baked_v2,17,18,3.9851,23.7983
Tail,baked_v2,18,19,4.4069,31.7930
Tail,baked_v2,19,20,4.4065,35.5317
Tail,baked_v2,20,21,3.8757,33.1013
Tail,baked_v2,21,22,2.8956,25.1632
Tail,baked_v2,22,23,1.6879,14.3794
Tail,baked_v2,23,24,0.4614,3.4436
Tail,baked_v2,24,25,0.7455,8.0365
Tail,baked_v2,25,26,2.0895,21.0404
Tail,baked_v2,26,27,3.3856,32.7386
Tail,baked_v2,27,28,4.3206,40.5993
Tail,baked_v2,28,29,4.2112,38.3551
Tail,baked_v2,29,30,4.0449,34.9015
Tail,baked_v2,30,0,3.9553,32.9102
Tail_end,baked_v2,0,1,0.0000,147.9934
Tail_end,baked_v2,1,2,0.0000,150.9081
Tail_end,baked_v2,2,3,0.0000,157.6916
Tail_end,baked_v2,3,4,0.0000,162.2243
Tail_end,baked_v2,4,5,0.0000,141.0398
Tail_end,baked_v2,5,6,0.0000,103.7537
Tail_end,baked_v2,6,7,0.0000,59.2257
Tail_end,baked_v2,7,8,0.0000,15.5401
Tail_end,baked_v2,8,9,0.0000,25.6200
Tail_end,baked_v2,9,10,0.0000,68.9562
Tail_end,baked_v2,10,11,0.0000,111.3653
Tail_end,baked_v2,11,12,0.0000,144.1790
Tail_end,baked_v2,12,13,0.0000,160.2906
Tail_end,baked_v2,13,14,0.0000,156.1755
Tail_end,baked_v2,14,15,0.0000,135.8965
Tail_end,baked_v2,15,16,0.0000,107.3511
Tail_end,baked_v2,16,17,0.0000,107.7431
Tail_end,baked_v2,17,18,0.0000,137.5006
Tail_end,baked_v2,18,19,0.0000,159.2351
Tail_end,baked_v2,19,20,0.0000,163.9052
Tail_end,baked_v2,20,21,0.0000,146.2496
Tail_end,baked_v2,21,22,0.0000,109.5603
Tail_end,baked_v2,22,23,0.0000,63.3640
Tail_end,baked_v2,23,24,0.0000,16.7759
Tail_end,baked_v2,24,25,0.0000,30.2653
Tail_end,baked_v2,25,26,0.0000,82.8207
Tail_end,baked_v2,26,27,0.0000,132.6815
Tail_end,baked_v2,27,28,0.0000,168.1606
Tail_end,baked_v2,28,29,0.0000,162.6896
Tail_end,baked_v2,29,30,0.0000,153.9209
Tail_end,baked_v2,30,0,0.0000,149.0000
Fish,baked_v2,0,1,0.0000,0.0000
Fish,baked_v2,1,2,0.0000,0.0000
Fish,baked_v2,2,3,0.0000,0.0000
Fish,baked_v2,3,4,0.0000,0.0000
Fish,baked_v2,4,5,0.0000,0.0000
Fish,baked_v2,5,6,0.0000,0.0000
Fish,baked_v2,6,7,0.0000,0.0000
Fish,baked_v2,7,8,0.0000,0.0000
Fish,baked_v2,8,9,0.0000,0.0000
Fish,baked_v2,9,10,0.0000,0.0000
Fish,baked_v2,10,11,0.0000,0.0000
Fish,baked_v2,11,12,0.0000,0.0000
Fish,baked_v2,12,13,0.0000,0.0000
Fish,baked_v2,13,14,0.0000,0.0000
Fish,baked_v2,14,15,0.0000,0.0000
Fish,baked_v2,15,16,0.0000,0.0000
Fish,baked_v2,16,17,0.0000,0.0000
Fish,baked_v2,17,18,0.0000,0.0000
Fish,baked_v2,18,19,0.0000,0.0000
Fish,baked_v2,19,20,0.0000,0.0000
Fish,baked_v2,20,21,0.0000,0.0000
Fish,baked_v2,21,22,0.0000,0.0000
Fish,baked_v2,22,23,0.0000,0.0000
Fish,baked_v2,23,24,0.0000,0.0000
Fish,baked_v2,24,25,0.0000,0.0000
Fish,baked_v2,25,26,0.0000,0.0000
Fish,baked_v2,26,27,0.0000,0.0000
Fish,baked_v2,27,28,0.0000,0.0000
Fish,baked_v2,28,29,0.0000,0.0000
Fish,baked_v2,29,30,0.0000,0.0000
Fish,baked_v2,30,0,0.0000,0.0000
