lineZ,index,x,case,reason,replacementX
1986.7,0,-1307.7,Walk,"stopped at z=1947.0 by terrain slope (56 deg), 36.7 m short of the first face",-1295.7
1986.7,15,-740.7,Walk,"no start; no walkable point with >= 20 m run-up",-741.7
1986.7,49,543.3,Walk,"stopped at z=1963.0 by terrain slope (46 deg), 20.7 m short of the first face",545.3
1986.7,0,-1307.7,Sprint,"stopped at z=1947.0 by terrain slope (54 deg), 36.7 m short of the first face",-1295.7
1986.7,15,-740.7,Sprint,"no start; no walkable point with >= 20 m run-up",-741.7
1986.7,0,-1307.7,SprintJump,"stopped at z=1947.0 by terrain slope (54 deg), 36.7 m short of the first face",-1295.7
1986.7,15,-740.7,SprintJump,"no start; no walkable point with >= 20 m run-up",-741.7
1986.7,49,543.3,Off30Left,"stopped at z=1960.0 by terrain slope (45 deg), 27.6 m short of the first face",530.3
1986.7,0,-1307.7,Off30Right,"stopped at z=1951.7 by terrain slope (47 deg), 36.9 m short of the first face",none
1986.7,45,392.3,Off60Left,"stopped at z=1966.1 by terrain slope (47 deg), 47.6 m short of the first face",none
1986.7,46,430.3,Off60Left,"stopped at z=1966.1 by terrain slope (48 deg), 17.3 m short of the first face",none
1986.7,47,467.3,Off60Left,"stopped at z=1943.4 by terrain slope (37 deg), 81.4 m short of the first face",471.3
1986.7,49,543.3,Off60Left,"not above WaterLevelY at the 45 m start; no walkable point with >= 20 m run-up",none
1986.7,0,-1307.7,Off60Right,"stopped at z=1960.7 by terrain slope (58 deg), 28.9 m short of the first face",none
1986.7,1,-1269.7,Off60Right,"stopped at z=1952.4 by terrain slope (48 deg), 62.7 m short of the first face",none
1986.7,2,-1231.7,Off60Right,"stopped at z=1943.1 by terrain slope (36 deg), 64.5 m short of the first face",-1217.7
1986.7,0,-1307.7,Fast50,"stopped at z=1959.0 by nothing within 3 m (slope 14 deg underfoot), 24.7 m short of the first face",-1295.7
1986.7,15,-740.7,Fast50,"no start; no walkable point with >= 20 m run-up",-741.7
